facility,operational_capacity,inmates_in_general_population_beds,percent_occupied,inmates_in_support_beds,total_occupancy,report_date
MCI CEDAR JUNCTION @ WALPOLE (Maximum),568.0,181.0,32.0,142.0,323.0,2020-08-24
SOUZA - BARANOWSKI CORRECTIONAL CENTER,1410.0,572.0,41.0,103.0,675.0,2020-08-24
MASSACHUSETTS TREATMENT CENTER,667.0,554.0,83.0,3.0,557.0,2020-08-24
MCI CEDAR JUNCTION @ WALPOLE (Medium),78.0,52.0,67.0,0.0,52.0,2020-08-24
MCI CONCORD,752.0,497.0,66.0,33.0,530.0,2020-08-24
MCI FRAMINGHAM,572.0,144.0,25.0,39.0,183.0,2020-08-24
MCI NORFOLK,1473.0,1234.0,84.0,38.0,1272.0,2020-08-24
MCI SHIRLEY,1129.0,848.0,75.0,67.0,915.0,2020-08-24
NCCI GARDNER,974.0,872.0,90.0,13.0,885.0,2020-08-24
OLD COLONY CORRECTIONAL CENTER,605.0,518.0,86.0,102.0,620.0,2020-08-24
SHATTUCK CORRECTIONAL UNIT (S4),29.0,16.0,55.0,0.0,16.0,2020-08-24
STATE HOSPITAL @ BRIDGEWATER,294.0,194.0,66.0,9.0,203.0,2020-08-24
MASAC @ PLYMOUTH,251.0,101.0,40.0,0.0,101.0,2020-08-24
MCI SHIRLEY (Minimum),376.0,203.0,54.0,0.0,203.0,2020-08-24
NCCI GARDNER (Minimum),30.0,0.0,0.0,0.0,,2020-08-24
OCCC (Minimum),160.0,87.0,54.0,0.0,87.0,2020-08-24
BOSTON PRE-RELEASE,175.0,54.0,31.0,0.0,54.0,2020-08-24
NECC @ CONCORD,277.0,159.0,57.0,0.0,159.0,2020-08-24
PONDVILLE CORRECTIONAL CENTER,204.0,115.0,56.0,0.0,115.0,2020-08-24
SOUTH MIDDLESEX CORRECTIONAL CENTER,185.0,30.0,16.0,0.0,30.0,2020-08-24
MCI CEDAR JUNCTION @ WALPOLE (Maximum),568.0,191.0,34.0,132.0,323.0,2020-08-17
SOUZA - BARANOWSKI CORRECTIONAL CENTER,1410.0,572.0,41.0,94.0,666.0,2020-08-17
MASSACHUSETTS TREATMENT CENTER,667.0,544.0,82.0,3.0,547.0,2020-08-17
MCI CEDAR JUNCTION @ WALPOLE (Medium),78.0,56.0,72.0,0.0,56.0,2020-08-17
MCI CONCORD,752.0,501.0,67.0,34.0,535.0,2020-08-17
MCI FRAMINGHAM,572.0,146.0,26.0,35.0,181.0,2020-08-17
MCI NORFOLK,1473.0,1226.0,83.0,40.0,1266.0,2020-08-17
MCI SHIRLEY,1129.0,858.0,76.0,61.0,919.0,2020-08-17
NCCI GARDNER,974.0,881.0,90.0,12.0,893.0,2020-08-17
OLD COLONY CORRECTIONAL CENTER,605.0,519.0,86.0,105.0,624.0,2020-08-17
SHATTUCK CORRECTIONAL UNIT (S4),29.0,17.0,59.0,0.0,17.0,2020-08-17
STATE HOSPITAL @ BRIDGEWATER,294.0,196.0,67.0,10.0,206.0,2020-08-17
MASAC @ PLYMOUTH,251.0,103.0,41.0,0.0,103.0,2020-08-17
MCI SHIRLEY (Minimum),376.0,204.0,54.0,0.0,204.0,2020-08-17
NCCI GARDNER (Minimum),30.0,0.0,0.0,0.0,,2020-08-17
OCCC (Minimum),160.0,88.0,55.0,0.0,88.0,2020-08-17
BOSTON PRE-RELEASE,175.0,57.0,33.0,0.0,57.0,2020-08-17
NECC @ CONCORD,277.0,159.0,57.0,0.0,159.0,2020-08-17
PONDVILLE CORRECTIONAL CENTER,204.0,115.0,56.0,0.0,115.0,2020-08-17
SOUTH MIDDLESEX CORRECTIONAL CENTER,185.0,32.0,17.0,0.0,32.0,2020-08-17
MCI CEDAR JUNCTION @ WALPOLE (Maximum),568.0,205.0,36.0,141.0,346.0,2020-08-10
SOUZA - BARANOWSKI CORRECTIONAL CENTER,1410.0,564.0,40.0,102.0,666.0,2020-08-10
MASSACHUSETTS TREATMENT CENTER,667.0,540.0,81.0,4.0,544.0,2020-08-10
MCI CEDAR JUNCTION @ WALPOLE (Medium),78.0,54.0,69.0,0.0,54.0,2020-08-10
MCI CONCORD,752.0,498.0,66.0,38.0,536.0,2020-08-10
MCI FRAMINGHAM,572.0,142.0,25.0,38.0,180.0,2020-08-10
MCI NORFOLK,1473.0,1229.0,83.0,34.0,1263.0,2020-08-10
MCI SHIRLEY,1129.0,858.0,76.0,55.0,913.0,2020-08-10
NCCI GARDNER,974.0,883.0,91.0,12.0,895.0,2020-08-10
OLD COLONY CORRECTIONAL CENTER,605.0,521.0,86.0,107.0,628.0,2020-08-10
SHATTUCK CORRECTIONAL UNIT (S4),29.0,17.0,59.0,0.0,17.0,2020-08-10
STATE HOSPITAL @ BRIDGEWATER,294.0,196.0,67.0,10.0,206.0,2020-08-10
MASAC @ PLYMOUTH,251.0,103.0,41.0,0.0,103.0,2020-08-10
MCI SHIRLEY (Minimum),376.0,206.0,55.0,0.0,206.0,2020-08-10
NCCI GARDNER (Minimum),30.0,0.0,0.0,0.0,,2020-08-10
OCCC (Minimum),160.0,86.0,54.0,0.0,86.0,2020-08-10
BOSTON PRE-RELEASE,175.0,57.0,33.0,0.0,57.0,2020-08-10
NECC @ CONCORD,277.0,156.0,56.0,0.0,156.0,2020-08-10
PONDVILLE CORRECTIONAL CENTER,204.0,111.0,54.0,0.0,111.0,2020-08-10
SOUTH MIDDLESEX CORRECTIONAL CENTER,185.0,34.0,18.0,0.0,34.0,2020-08-10
MCI CEDAR JUNCTION @ WALPOLE (Maximum),568.0,204.0,36.0,155.0,359.0,2020-08-03
SOUZA - BARANOWSKI CORRECTIONAL CENTER,1410.0,565.0,40.0,107.0,672.0,2020-08-03
MASSACHUSETTS TREATMENT CENTER,667.0,528.0,79.0,10.0,538.0,2020-08-03
MCI CEDAR JUNCTION @ WALPOLE (Medium),78.0,57.0,73.0,0.0,57.0,2020-08-03
MCI CONCORD,752.0,501.0,67.0,35.0,536.0,2020-08-03
MCI FRAMINGHAM,572.0,144.0,25.0,40.0,184.0,2020-08-03
MCI NORFOLK,1473.0,1221.0,83.0,36.0,1257.0,2020-08-03
MCI SHIRLEY,1129.0,863.0,76.0,58.0,921.0,2020-08-03
NCCI GARDNER,974.0,885.0,91.0,10.0,895.0,2020-08-03
OLD COLONY CORRECTIONAL CENTER,605.0,530.0,88.0,99.0,629.0,2020-08-03
SHATTUCK CORRECTIONAL UNIT (S4),29.0,19.0,66.0,0.0,19.0,2020-08-03
STATE HOSPITAL @ BRIDGEWATER,294.0,204.0,69.0,10.0,214.0,2020-08-03
MASAC @ PLYMOUTH,251.0,112.0,45.0,0.0,112.0,2020-08-03
MCI SHIRLEY (Minimum),376.0,201.0,53.0,0.0,201.0,2020-08-03
NCCI GARDNER (Minimum),30.0,0.0,0.0,0.0,,2020-08-03
OCCC (Minimum),160.0,86.0,54.0,0.0,86.0,2020-08-03
BOSTON PRE-RELEASE,175.0,57.0,33.0,0.0,57.0,2020-08-03
NECC @ CONCORD,277.0,151.0,55.0,0.0,151.0,2020-08-03
PONDVILLE CORRECTIONAL CENTER,204.0,112.0,55.0,0.0,112.0,2020-08-03
SOUTH MIDDLESEX CORRECTIONAL CENTER,185.0,35.0,19.0,0.0,35.0,2020-08-03
MCI CEDAR JUNCTION @ WALPOLE (Maximum),568.0,201.0,35.0,158.0,359.0,2020-07-27
SOUZA - BARANOWSKI CORRECTIONAL CENTER,1410.0,563.0,40.0,111.0,674.0,2020-07-27
MASSACHUSETTS TREATMENT CENTER,667.0,526.0,79.0,6.0,532.0,2020-07-27
MCI CEDAR JUNCTION @ WALPOLE (Medium),78.0,57.0,73.0,0.0,57.0,2020-07-27
MCI CONCORD,752.0,508.0,68.0,38.0,546.0,2020-07-27
MCI FRAMINGHAM,572.0,149.0,26.0,33.0,182.0,2020-07-27
MCI NORFOLK,1473.0,1225.0,83.0,36.0,1261.0,2020-07-27
MCI SHIRLEY,1129.0,873.0,77.0,57.0,930.0,2020-07-27
NCCI GARDNER,974.0,890.0,91.0,12.0,902.0,2020-07-27
OLD COLONY CORRECTIONAL CENTER,605.0,536.0,89.0,96.0,632.0,2020-07-27
SHATTUCK CORRECTIONAL UNIT (S4),29.0,20.0,69.0,0.0,20.0,2020-07-27
STATE HOSPITAL @ BRIDGEWATER,294.0,200.0,68.0,10.0,210.0,2020-07-27
MASAC @ PLYMOUTH,251.0,106.0,42.0,0.0,106.0,2020-07-27
MCI SHIRLEY (Minimum),376.0,188.0,50.0,0.0,188.0,2020-07-27
NCCI GARDNER (Minimum),30.0,0.0,0.0,0.0,0.0,2020-07-27
OCCC (Minimum),160.0,88.0,55.0,0.0,88.0,2020-07-27
BOSTON PRE-RELEASE,175.0,57.0,33.0,0.0,57.0,2020-07-27
NECC @ CONCORD,277.0,152.0,55.0,0.0,152.0,2020-07-27
PONDVILLE CORRECTIONAL CENTER,204.0,110.0,54.0,0.0,110.0,2020-07-27
SOUTH MIDDLESEX CORRECTIONAL CENTER,185.0,36.0,19.0,0.0,36.0,2020-07-27
MCI CEDAR JUNCTION @ WALPOLE (Maximum),568.0,225.0,40.0,144.0,369.0,2020-07-20
SOUZA - BARANOWSKI CORRECTIONAL CENTER,1410.0,561.0,40.0,113.0,674.0,2020-07-20
MASSACHUSETTS TREATMENT CENTER,667.0,525.0,79.0,2.0,527.0,2020-07-20
MCI CEDAR JUNCTION @ WALPOLE (Medium),78.0,59.0,76.0,0.0,59.0,2020-07-20
MCI CONCORD,752.0,511.0,68.0,41.0,552.0,2020-07-20
MCI FRAMINGHAM,572.0,149.0,26.0,34.0,183.0,2020-07-20
MCI NORFOLK,1473.0,1223.0,83.0,33.0,1256.0,2020-07-20
MCI SHIRLEY,1129.0,874.0,77.0,52.0,926.0,2020-07-20
NCCI GARDNER,974.0,896.0,92.0,10.0,906.0,2020-07-20
OLD COLONY CORRECTIONAL CENTER,605.0,535.0,88.0,103.0,638.0,2020-07-20
SHATTUCK CORRECTIONAL UNIT (S4),29.0,18.0,62.0,0.0,18.0,2020-07-20
STATE HOSPITAL @ BRIDGEWATER,294.0,197.0,67.0,11.0,208.0,2020-07-20
MASAC @ PLYMOUTH,251.0,91.0,36.0,0.0,91.0,2020-07-20
MCI SHIRLEY (Minimum),376.0,189.0,50.0,0.0,189.0,2020-07-20
NCCI GARDNER (Minimum),30.0,0.0,0.0,0.0,0.0,2020-07-20
OCCC (Minimum),160.0,91.0,57.0,0.0,91.0,2020-07-20
BOSTON PRE-RELEASE,175.0,59.0,34.0,0.0,59.0,2020-07-20
NECC @ CONCORD,277.0,151.0,55.0,0.0,151.0,2020-07-20
PONDVILLE CORRECTIONAL CENTER,204.0,110.0,54.0,0.0,110.0,2020-07-20
SOUTH MIDDLESEX CORRECTIONAL CENTER,185.0,37.0,20.0,0.0,37.0,2020-07-20
MCI CEDAR JUNCTION @ WALPOLE (Maximum),568.0,245.0,43.0,131.0,376.0,2020-07-13
SOUZA - BARANOWSKI CORRECTIONAL CENTER,1410.0,575.0,41.0,100.0,675.0,2020-07-13
MASSACHUSETTS TREATMENT CENTER,667.0,520.0,78.0,4.0,524.0,2020-07-13
MCI CEDAR JUNCTION @ WALPOLE (Medium),78.0,59.0,76.0,0.0,59.0,2020-07-13
MCI CONCORD,752.0,518.0,69.0,37.0,555.0,2020-07-13
MCI FRAMINGHAM,572.0,148.0,26.0,35.0,183.0,2020-07-13
MCI NORFOLK,1473.0,1213.0,82.0,38.0,1251.0,2020-07-13
MCI SHIRLEY,1129.0,879.0,78.0,52.0,931.0,2020-07-13
NCCI GARDNER,974.0,905.0,93.0,8.0,913.0,2020-07-13
OLD COLONY CORRECTIONAL CENTER,605.0,545.0,90.0,91.0,636.0,2020-07-13
SHATTUCK CORRECTIONAL UNIT (S4),29.0,18.0,62.0,0.0,18.0,2020-07-13
STATE HOSPITAL @ BRIDGEWATER,294.0,201.0,68.0,8.0,209.0,2020-07-13
MASAC @ PLYMOUTH,251.0,76.0,30.0,0.0,76.0,2020-07-13
MCI SHIRLEY (Minimum),376.0,192.0,51.0,0.0,192.0,2020-07-13
NCCI GARDNER (Minimum),30.0,0.0,0.0,0.0,0.0,2020-07-13
OCCC (Minimum),160.0,90.0,56.0,0.0,90.0,2020-07-13
BOSTON PRE-RELEASE,175.0,60.0,34.0,0.0,60.0,2020-07-13
NECC @ CONCORD,277.0,148.0,53.0,0.0,148.0,2020-07-13
PONDVILLE CORRECTIONAL CENTER,204.0,106.0,52.0,0.0,106.0,2020-07-13
SOUTH MIDDLESEX CORRECTIONAL CENTER,185.0,38.0,21.0,0.0,38.0,2020-07-13
MCI CEDAR JUNCTION @ WALPOLE (Maximum),568.0,261.0,46.0,138.0,399.0,2020-07-06
SOUZA - BARANOWSKI CORRECTIONAL CENTER,1410.0,578.0,41.0,101.0,679.0,2020-07-06
MASSACHUSETTS TREATMENT CENTER,667.0,520.0,78.0,2.0,522.0,2020-07-06
MCI CEDAR JUNCTION @ WALPOLE (Medium),78.0,58.0,74.0,0.0,58.0,2020-07-06
MCI CONCORD,752.0,517.0,69.0,40.0,557.0,2020-07-06
MCI FRAMINGHAM,572.0,154.0,27.0,31.0,185.0,2020-07-06
MCI NORFOLK,1473.0,1221.0,83.0,37.0,1258.0,2020-07-06
MCI SHIRLEY,1129.0,884.0,78.0,50.0,934.0,2020-07-06
NCCI GARDNER,974.0,907.0,93.0,8.0,915.0,2020-07-06
OLD COLONY CORRECTIONAL CENTER,605.0,543.0,90.0,89.0,632.0,2020-07-06
SHATTUCK CORRECTIONAL UNIT (S4),29.0,16.0,55.0,0.0,16.0,2020-07-06
STATE HOSPITAL @ BRIDGEWATER,294.0,199.0,68.0,8.0,207.0,2020-07-06
MASAC @ PLYMOUTH,251.0,73.0,29.0,0.0,73.0,2020-07-06
MCI SHIRLEY (Minimum),376.0,198.0,53.0,0.0,198.0,2020-07-06
NCCI GARDNER (Minimum),30.0,0.0,0.0,0.0,0.0,2020-07-06
OCCC (Minimum),160.0,88.0,55.0,0.0,88.0,2020-07-06
BOSTON PRE-RELEASE,175.0,57.0,33.0,0.0,57.0,2020-07-06
NECC @ CONCORD,277.0,147.0,53.0,0.0,147.0,2020-07-06
PONDVILLE CORRECTIONAL CENTER,204.0,101.0,50.0,0.0,101.0,2020-07-06
SOUTH MIDDLESEX CORRECTIONAL CENTER,185.0,37.0,20.0,0.0,37.0,2020-07-06
MCI CEDAR JUNCTION @ WALPOLE (Maximum),568.0,264.0,46.0,143.0,407.0,2020-06-29
SOUZA - BARANOWSKI CORRECTIONAL CENTER,1410.0,576.0,41.0,99.0,675.0,2020-06-29
MASSACHUSETTS TREATMENT CENTER,667.0,515.0,77.0,3.0,518.0,2020-06-29
MCI CEDAR JUNCTION @ WALPOLE (Medium),78.0,61.0,78.0,0.0,61.0,2020-06-29
MCI CONCORD,752.0,517.0,69.0,41.0,558.0,2020-06-29
MCI FRAMINGHAM,572.0,166.0,29.0,16.0,182.0,2020-06-29
MCI NORFOLK,1473.0,1220.0,83.0,37.0,1257.0,2020-06-29
MCI SHIRLEY,1129.0,892.0,79.0,60.0,952.0,2020-06-29
NCCI GARDNER,974.0,894.0,92.0,14.0,908.0,2020-06-29
OLD COLONY CORRECTIONAL CENTER,605.0,525.0,87.0,103.0,628.0,2020-06-29
SHATTUCK CORRECTIONAL UNIT (S4),29.0,16.0,55.0,0.0,16.0,2020-06-29
STATE HOSPITAL @ BRIDGEWATER,294.0,196.0,67.0,8.0,204.0,2020-06-29
MASAC @ PLYMOUTH,251.0,50.0,20.0,0.0,50.0,2020-06-29
MCI SHIRLEY (Minimum),376.0,203.0,54.0,0.0,203.0,2020-06-29
NCCI GARDNER (Minimum),30.0,0.0,0.0,0.0,0.0,2020-06-29
OCCC (Minimum),160.0,92.0,58.0,0.0,92.0,2020-06-29
BOSTON PRE-RELEASE,175.0,59.0,34.0,0.0,59.0,2020-06-29
NECC @ CONCORD,277.0,154.0,56.0,0.0,154.0,2020-06-29
PONDVILLE CORRECTIONAL CENTER,204.0,105.0,51.0,0.0,105.0,2020-06-29
SOUTH MIDDLESEX CORRECTIONAL CENTER,185.0,37.0,20.0,0.0,37.0,2020-06-29
MCI CEDAR JUNCTION @ WALPOLE (Maximum),568.0,285.0,50.0,149.0,434.0,2020-06-22
SOUZA - BARANOWSKI CORRECTIONAL CENTER,1410.0,580.0,41.0,94.0,674.0,2020-06-22
MASSACHUSETTS TREATMENT CENTER,667.0,516.0,77.0,6.0,522.0,2020-06-22
MCI CEDAR JUNCTION @ WALPOLE (Medium),78.0,62.0,79.0,0.0,62.0,2020-06-22
MCI CONCORD,752.0,520.0,69.0,40.0,560.0,2020-06-22
MCI FRAMINGHAM,572.0,159.0,28.0,25.0,184.0,2020-06-22
MCI NORFOLK,1473.0,1212.0,82.0,35.0,1247.0,2020-06-22
MCI SHIRLEY,1129.0,888.0,79.0,75.0,963.0,2020-06-22
NCCI GARDNER,974.0,890.0,91.0,11.0,901.0,2020-06-22
OLD COLONY CORRECTIONAL CENTER,605.0,534.0,88.0,92.0,626.0,2020-06-22
SHATTUCK CORRECTIONAL UNIT (S4),29.0,15.0,52.0,0.0,15.0,2020-06-22
STATE HOSPITAL @ BRIDGEWATER,294.0,197.0,67.0,10.0,207.0,2020-06-22
MASAC @ PLYMOUTH,251.0,46.0,18.0,0.0,46.0,2020-06-22
MCI SHIRLEY (Minimum),376.0,206.0,55.0,0.0,206.0,2020-06-22
NCCI GARDNER (Minimum),30.0,0.0,0.0,0.0,0.0,2020-06-22
OCCC (Minimum),160.0,91.0,57.0,0.0,91.0,2020-06-22
BOSTON PRE-RELEASE,175.0,61.0,35.0,0.0,61.0,2020-06-22
NECC @ CONCORD,277.0,153.0,55.0,0.0,153.0,2020-06-22
PONDVILLE CORRECTIONAL CENTER,204.0,104.0,51.0,0.0,104.0,2020-06-22
SOUTH MIDDLESEX CORRECTIONAL CENTER,185.0,38.0,21.0,0.0,38.0,2020-06-22
MCI CEDAR JUNCTION @ WALPOLE (Maximum),568.0,311.0,55.0,144.0,455.0,2020-06-15
SOUZA - BARANOWSKI CORRECTIONAL CENTER,1410.0,583.0,41.0,91.0,674.0,2020-06-15
MASSACHUSETTS TREATMENT CENTER,667.0,522.0,78.0,7.0,529.0,2020-06-15
MCI CEDAR JUNCTION @ WALPOLE (Medium),78.0,63.0,81.0,0.0,63.0,2020-06-15
MCI CONCORD,752.0,521.0,69.0,37.0,558.0,2020-06-15
MCI FRAMINGHAM,572.0,158.0,28.0,22.0,180.0,2020-06-15
MCI NORFOLK,1473.0,1215.0,82.0,30.0,1245.0,2020-06-15
MCI SHIRLEY,1129.0,894.0,79.0,73.0,967.0,2020-06-15
NCCI GARDNER,974.0,895.0,92.0,13.0,908.0,2020-06-15
OLD COLONY CORRECTIONAL CENTER,605.0,532.0,88.0,91.0,623.0,2020-06-15
SHATTUCK CORRECTIONAL UNIT (S4),29.0,14.0,48.0,0.0,14.0,2020-06-15
STATE HOSPITAL @ BRIDGEWATER,294.0,198.0,67.0,9.0,207.0,2020-06-15
MASAC @ PLYMOUTH,251.0,44.0,18.0,0.0,44.0,2020-06-15
MCI SHIRLEY (Minimum),376.0,221.0,59.0,0.0,221.0,2020-06-15
NCCI GARDNER (Minimum),30.0,0.0,0.0,0.0,0.0,2020-06-15
OCCC (Minimum),160.0,82.0,51.0,0.0,82.0,2020-06-15
BOSTON PRE-RELEASE,175.0,59.0,34.0,0.0,59.0,2020-06-15
NECC @ CONCORD,277.0,151.0,55.0,0.0,151.0,2020-06-15
PONDVILLE CORRECTIONAL CENTER,204.0,106.0,52.0,0.0,106.0,2020-06-15
SOUTH MIDDLESEX CORRECTIONAL CENTER,185.0,39.0,21.0,0.0,39.0,2020-06-15
MCI CEDAR JUNCTION @ WALPOLE (Maximum),568.0,321.0,57.0,144.0,465.0,2020-06-08
SOUZA - BARANOWSKI CORRECTIONAL CENTER,1410.0,579.0,41.0,97.0,676.0,2020-06-08
MASSACHUSETTS TREATMENT CENTER,667.0,520.0,78.0,8.0,528.0,2020-06-08
MCI CEDAR JUNCTION @ WALPOLE (Medium),78.0,65.0,83.0,0.0,65.0,2020-06-08
MCI CONCORD,752.0,535.0,71.0,33.0,568.0,2020-06-08
MCI FRAMINGHAM,572.0,134.0,23.0,49.0,183.0,2020-06-08
MCI NORFOLK,1473.0,1210.0,82.0,39.0,1249.0,2020-06-08
MCI SHIRLEY,1129.0,895.0,79.0,75.0,970.0,2020-06-08
NCCI GARDNER,974.0,897.0,92.0,9.0,906.0,2020-06-08
OLD COLONY CORRECTIONAL CENTER,605.0,532.0,88.0,92.0,624.0,2020-06-08
SHATTUCK CORRECTIONAL UNIT (S4),29.0,17.0,59.0,0.0,17.0,2020-06-08
STATE HOSPITAL @ BRIDGEWATER,294.0,189.0,64.0,10.0,199.0,2020-06-08
MASAC @ PLYMOUTH,251.0,43.0,17.0,0.0,43.0,2020-06-08
MCI SHIRLEY (Minimum),376.0,226.0,60.0,0.0,226.0,2020-06-08
NCCI GARDNER (Minimum),30.0,0.0,0.0,0.0,0.0,2020-06-08
OCCC (Minimum),160.0,79.0,49.0,0.0,79.0,2020-06-08
BOSTON PRE-RELEASE,175.0,62.0,35.0,0.0,62.0,2020-06-08
NECC @ CONCORD,277.0,146.0,53.0,0.0,146.0,2020-06-08
PONDVILLE CORRECTIONAL CENTER,204.0,104.0,51.0,0.0,104.0,2020-06-08
SOUTH MIDDLESEX CORRECTIONAL CENTER,185.0,37.0,20.0,0.0,37.0,2020-06-08
MCI CEDAR JUNCTION @ WALPOLE (Maximum),568.0,317.0,56.0,158.0,475.0,2020-06-01
SOUZA - BARANOWSKI CORRECTIONAL CENTER,1410.0,569.0,40.0,115.0,684.0,2020-06-01
MASSACHUSETTS TREATMENT CENTER,667.0,527.0,79.0,4.0,531.0,2020-06-01
MCI CEDAR JUNCTION @ WALPOLE (Medium),78.0,64.0,82.0,0.0,64.0,2020-06-01
MCI CONCORD,752.0,544.0,72.0,34.0,578.0,2020-06-01
MCI FRAMINGHAM,572.0,123.0,22.0,67.0,190.0,2020-06-01
MCI NORFOLK,1473.0,1207.0,82.0,41.0,1248.0,2020-06-01
MCI SHIRLEY,1129.0,915.0,81.0,69.0,984.0,2020-06-01
NCCI GARDNER,974.0,903.0,93.0,14.0,917.0,2020-06-01
OLD COLONY CORRECTIONAL CENTER,605.0,537.0,89.0,91.0,628.0,2020-06-01
SHATTUCK CORRECTIONAL UNIT (S4),29.0,16.0,55.0,0.0,16.0,2020-06-01
STATE HOSPITAL @ BRIDGEWATER,294.0,194.0,66.0,12.0,206.0,2020-06-01
MASAC @ PLYMOUTH,251.0,43.0,17.0,0.0,43.0,2020-06-01
MCI SHIRLEY (Minimum),376.0,235.0,63.0,0.0,235.0,2020-06-01
NCCI GARDNER (Minimum),30.0,0.0,0.0,0.0,0.0,2020-06-01
OCCC (Minimum),160.0,80.0,50.0,0.0,80.0,2020-06-01
BOSTON PRE-RELEASE,175.0,62.0,35.0,0.0,62.0,2020-06-01
NECC @ CONCORD,277.0,143.0,52.0,0.0,143.0,2020-06-01
PONDVILLE CORRECTIONAL CENTER,204.0,112.0,55.0,0.0,112.0,2020-06-01
SOUTH MIDDLESEX CORRECTIONAL CENTER,185.0,37.0,20.0,0.0,37.0,2020-06-01
MCI CEDAR JUNCTION @ WALPOLE (Maximum),568.0,323.0,57.0,152.0,475.0,2020-05-25
SOUZA - BARANOWSKI CORRECTIONAL CENTER,1410.0,568.0,40.0,115.0,683.0,2020-05-25
MASSACHUSETTS TREATMENT CENTER,667.0,526.0,79.0,8.0,534.0,2020-05-25
MCI CEDAR JUNCTION @ WALPOLE (Medium),78.0,64.0,82.0,0.0,64.0,2020-05-25
MCI CONCORD,752.0,538.0,72.0,44.0,582.0,2020-05-25
MCI FRAMINGHAM,572.0,116.0,20.0,70.0,186.0,2020-05-25
MCI NORFOLK,1473.0,1209.0,82.0,42.0,1251.0,2020-05-25
MCI SHIRLEY,1129.0,911.0,81.0,79.0,990.0,2020-05-25
NCCI GARDNER,974.0,909.0,93.0,13.0,922.0,2020-05-25
OLD COLONY CORRECTIONAL CENTER,605.0,542.0,90.0,86.0,628.0,2020-05-25
SHATTUCK CORRECTIONAL UNIT (S4),29.0,17.0,59.0,0.0,17.0,2020-05-25
STATE HOSPITAL @ BRIDGEWATER,294.0,186.0,63.0,12.0,198.0,2020-05-25
MASAC @ PLYMOUTH,251.0,43.0,17.0,0.0,43.0,2020-05-25
MCI SHIRLEY (Minimum),376.0,239.0,64.0,0.0,239.0,2020-05-25
NCCI GARDNER (Minimum),30.0,0.0,0.0,0.0,,2020-05-25
OCCC (Minimum),160.0,83.0,52.0,0.0,83.0,2020-05-25
BOSTON PRE-RELEASE,175.0,67.0,38.0,0.0,67.0,2020-05-25
NECC @ CONCORD,277.0,146.0,53.0,0.0,146.0,2020-05-25
PONDVILLE CORRECTIONAL CENTER,204.0,114.0,56.0,0.0,114.0,2020-05-25
SOUTH MIDDLESEX CORRECTIONAL CENTER,185.0,38.0,21.0,0.0,38.0,2020-05-25
MCI CEDAR JUNCTION @ WALPOLE (Maximum),568.0,321.0,57.0,155.0,476.0,2020-05-18
SOUZA - BARANOWSKI CORRECTIONAL CENTER,1410.0,569.0,40.0,118.0,687.0,2020-05-18
MASSACHUSETTS TREATMENT CENTER,667.0,528.0,79.0,8.0,536.0,2020-05-18
MCI CEDAR JUNCTION @ WALPOLE (Medium),78.0,64.0,82.0,0.0,64.0,2020-05-18
MCI CONCORD,752.0,542.0,72.0,43.0,585.0,2020-05-18
MCI FRAMINGHAM,572.0,113.0,20.0,72.0,185.0,2020-05-18
MCI NORFOLK,1473.0,1221.0,83.0,32.0,1253.0,2020-05-18
MCI SHIRLEY,1129.0,920.0,81.0,80.0,1000.0,2020-05-18
NCCI GARDNER,974.0,911.0,94.0,14.0,925.0,2020-05-18
OLD COLONY CORRECTIONAL CENTER,605.0,537.0,89.0,99.0,636.0,2020-05-18
SHATTUCK CORRECTIONAL UNIT (S4),29.0,22.0,76.0,0.0,22.0,2020-05-18
STATE HOSPITAL @ BRIDGEWATER,294.0,190.0,65.0,11.0,201.0,2020-05-18
MASAC @ PLYMOUTH,251.0,33.0,13.0,0.0,33.0,2020-05-18
MCI SHIRLEY (Minimum),376.0,246.0,65.0,0.0,246.0,2020-05-18
NCCI GARDNER (Minimum),30.0,0.0,0.0,0.0,,2020-05-18
OCCC (Minimum),160.0,83.0,52.0,0.0,83.0,2020-05-18
BOSTON PRE-RELEASE,175.0,68.0,39.0,0.0,68.0,2020-05-18
NECC @ CONCORD,277.0,149.0,54.0,0.0,149.0,2020-05-18
PONDVILLE CORRECTIONAL CENTER,204.0,117.0,57.0,0.0,117.0,2020-05-18
SOUTH MIDDLESEX CORRECTIONAL CENTER,185.0,41.0,22.0,0.0,41.0,2020-05-18
MCI CEDAR JUNCTION @ WALPOLE (Maximum),568.0,330.0,58.0,146.0,476.0,2020-05-11
SOUZA - BARANOWSKI CORRECTIONAL CENTER,1410.0,571.0,40.0,119.0,690.0,2020-05-11
MASSACHUSETTS TREATMENT CENTER,667.0,532.0,80.0,6.0,538.0,2020-05-11
MCI CEDAR JUNCTION @ WALPOLE (Medium),78.0,66.0,85.0,0.0,66.0,2020-05-11
MCI CONCORD,752.0,551.0,73.0,42.0,593.0,2020-05-11
MCI FRAMINGHAM,572.0,137.0,24.0,47.0,184.0,2020-05-11
MCI NORFOLK,1473.0,1221.0,83.0,33.0,1254.0,2020-05-11
MCI SHIRLEY,1129.0,925.0,82.0,80.0,1005.0,2020-05-11
NCCI GARDNER,974.0,916.0,94.0,13.0,929.0,2020-05-11
OLD COLONY CORRECTIONAL CENTER,605.0,549.0,91.0,84.0,633.0,2020-05-11
SHATTUCK CORRECTIONAL UNIT (S4),29.0,21.0,72.0,0.0,21.0,2020-05-11
STATE HOSPITAL @ BRIDGEWATER,294.0,188.0,64.0,11.0,199.0,2020-05-11
MASAC @ PLYMOUTH,251.0,33.0,13.0,0.0,33.0,2020-05-11
MCI SHIRLEY (Minimum),376.0,253.0,67.0,0.0,253.0,2020-05-11
NCCI GARDNER (Minimum),30.0,0.0,0.0,0.0,,2020-05-11
OCCC (Minimum),160.0,85.0,53.0,0.0,85.0,2020-05-11
BOSTON PRE-RELEASE,175.0,73.0,42.0,0.0,73.0,2020-05-11
NECC @ CONCORD,277.0,152.0,55.0,0.0,152.0,2020-05-11
PONDVILLE CORRECTIONAL CENTER,204.0,121.0,59.0,0.0,121.0,2020-05-11
SOUTH MIDDLESEX CORRECTIONAL CENTER,185.0,44.0,24.0,0.0,44.0,2020-05-11
MCI CEDAR JUNCTION @ WALPOLE (Maximum),568.0,340.0,60.0,142.0,482.0,2020-05-04
SOUZA - BARANOWSKI CORRECTIONAL CENTER,1410.0,572.0,41.0,115.0,687.0,2020-05-04
MASSACHUSETTS TREATMENT CENTER,665.0,528.0,79.0,12.0,540.0,2020-05-04
MCI CEDAR JUNCTION @ WALPOLE (Medium),78.0,66.0,85.0,0.0,66.0,2020-05-04
MCI CONCORD,752.0,555.0,74.0,40.0,595.0,2020-05-04
MCI FRAMINGHAM,572.0,149.0,26.0,39.0,188.0,2020-05-04
MCI NORFOLK,1473.0,1224.0,83.0,35.0,1259.0,2020-05-04
MCI SHIRLEY,1129.0,913.0,81.0,93.0,1006.0,2020-05-04
NCCI GARDNER,974.0,919.0,94.0,12.0,931.0,2020-05-04
OLD COLONY CORRECTIONAL CENTER,605.0,541.0,89.0,98.0,639.0,2020-05-04
SHATTUCK CORRECTIONAL UNIT (S4),29.0,22.0,76.0,0.0,22.0,2020-05-04
STATE HOSPITAL @ BRIDGEWATER,294.0,188.0,64.0,11.0,199.0,2020-05-04
MASAC @ PLYMOUTH,251.0,36.0,14.0,0.0,36.0,2020-05-04
MCI SHIRLEY (Minimum),376.0,256.0,68.0,0.0,256.0,2020-05-04
NCCI GARDNER (Minimum),30.0,0.0,0.0,0.0,,2020-05-04
OCCC (Minimum),160.0,84.0,53.0,0.0,84.0,2020-05-04
BOSTON PRE-RELEASE,175.0,79.0,45.0,0.0,79.0,2020-05-04
NECC @ CONCORD,277.0,157.0,57.0,0.0,157.0,2020-05-04
PONDVILLE CORRECTIONAL CENTER,204.0,126.0,62.0,0.0,126.0,2020-05-04
SOUTH MIDDLESEX CORRECTIONAL CENTER,185.0,44.0,24.0,0.0,44.0,2020-05-04
MCI CEDAR JUNCTION @ WALPOLE (Maximum),568.0,341.0,60.0,145.0,486.0,2020-04-27
SOUZA - BARANOWSKI CORRECTIONAL CENTER,1410.0,581.0,41.0,109.0,690.0,2020-04-27
MASSACHUSETTS TREATMENT CENTER,665.0,538.0,81.0,5.0,543.0,2020-04-27
MCI CEDAR JUNCTION @ WALPOLE (Medium),78.0,66.0,85.0,0.0,66.0,2020-04-27
MCI CONCORD,752.0,551.0,73.0,54.0,605.0,2020-04-27
MCI FRAMINGHAM,572.0,128.0,22.0,61.0,189.0,2020-04-27
MCI NORFOLK,1473.0,1225.0,83.0,42.0,1267.0,2020-04-27
MCI SHIRLEY,1129.0,930.0,82.0,91.0,1021.0,2020-04-27
NCCI GARDNER,974.0,921.0,95.0,10.0,931.0,2020-04-27
OLD COLONY CORRECTIONAL CENTER,605.0,546.0,90.0,100.0,646.0,2020-04-27
SHATTUCK CORRECTIONAL UNIT (S4),29.0,23.0,79.0,0.0,23.0,2020-04-27
STATE HOSPITAL @ BRIDGEWATER,294.0,183.0,62.0,10.0,193.0,2020-04-27
MASAC @ PLYMOUTH,251.0,28.0,11.0,0.0,28.0,2020-04-27
MCI SHIRLEY (Minimum),326.0,260.0,80.0,0.0,260.0,2020-04-27
NCCI GARDNER (Minimum),30.0,0.0,0.0,0.0,0.0,2020-04-27
OCCC (Minimum),160.0,89.0,56.0,0.0,89.0,2020-04-27
BOSTON PRE-RELEASE,175.0,84.0,48.0,0.0,84.0,2020-04-27
NECC @ CONCORD,277.0,165.0,60.0,0.0,165.0,2020-04-27
PONDVILLE CORRECTIONAL CENTER,204.0,133.0,65.0,0.0,133.0,2020-04-27
SOUTH MIDDLESEX CORRECTIONAL CENTER,185.0,47.0,25.0,0.0,47.0,2020-04-27
MCI CEDAR JUNCTION @ WALPOLE (Maximum),568.0,348.0,61.0,142.0,490.0,2020-04-20
SOUZA - BARANOWSKI CORRECTIONAL CENTER,1410.0,578.0,41.0,110.0,688.0,2020-04-20
MASSACHUSETTS TREATMENT CENTER,665.0,545.0,82.0,3.0,548.0,2020-04-20
MCI CEDAR JUNCTION @ WALPOLE (Medium),78.0,66.0,85.0,0.0,66.0,2020-04-20
MCI CONCORD,752.0,568.0,76.0,43.0,611.0,2020-04-20
MCI FRAMINGHAM,572.0,154.0,27.0,37.0,191.0,2020-04-20
MCI NORFOLK,1473.0,1236.0,84.0,39.0,1275.0,2020-04-20
MCI SHIRLEY,1129.0,950.0,84.0,89.0,1039.0,2020-04-20
NCCI GARDNER,974.0,919.0,94.0,12.0,931.0,2020-04-20
OLD COLONY CORRECTIONAL CENTER,605.0,547.0,90.0,105.0,652.0,2020-04-20
SHATTUCK CORRECTIONAL UNIT (S4),29.0,25.0,86.0,0.0,25.0,2020-04-20
STATE HOSPITAL @ BRIDGEWATER,294.0,191.0,65.0,12.0,203.0,2020-04-20
MASAC @ PLYMOUTH,251.0,29.0,12.0,0.0,29.0,2020-04-20
MCI SHIRLEY (Minimum),326.0,264.0,81.0,0.0,264.0,2020-04-20
NCCI GARDNER (Minimum),30.0,0.0,0.0,0.0,0.0,2020-04-20
OCCC (Minimum),160.0,90.0,56.0,0.0,90.0,2020-04-20
BOSTON PRE-RELEASE,175.0,88.0,50.0,0.0,88.0,2020-04-20
NECC @ CONCORD,277.0,169.0,61.0,0.0,169.0,2020-04-20
PONDVILLE CORRECTIONAL CENTER,204.0,140.0,69.0,0.0,140.0,2020-04-20
SOUTH MIDDLESEX CORRECTIONAL CENTER,185.0,48.0,26.0,0.0,48.0,2020-04-20
MCI CEDAR JUNCTION @ WALPOLE (Maximum),568.0,351.0,62.0,142.0,493.0,2020-04-13
SOUZA - BARANOWSKI CORRECTIONAL CENTER,1410.0,573.0,41.0,112.0,685.0,2020-04-13
MASSACHUSETTS TREATMENT CENTER,665.0,542.0,82.0,10.0,552.0,2020-04-13
MCI CEDAR JUNCTION @ WALPOLE (Medium),78.0,67.0,86.0,0.0,67.0,2020-04-13
MCI CONCORD,752.0,583.0,78.0,28.0,611.0,2020-04-13
MCI FRAMINGHAM,572.0,164.0,29.0,34.0,198.0,2020-04-13
MCI NORFOLK,1473.0,1236.0,84.0,49.0,1285.0,2020-04-13
MCI SHIRLEY,1129.0,971.0,86.0,82.0,1053.0,2020-04-13
NCCI GARDNER,974.0,918.0,94.0,15.0,933.0,2020-04-13
OLD COLONY CORRECTIONAL CENTER,605.0,551.0,91.0,97.0,648.0,2020-04-13
SHATTUCK CORRECTIONAL UNIT (S4),29.0,23.0,79.0,0.0,23.0,2020-04-13
STATE HOSPITAL @ BRIDGEWATER,294.0,193.0,66.0,13.0,206.0,2020-04-13
MASAC @ PLYMOUTH,251.0,42.0,17.0,0.0,42.0,2020-04-13
MCI SHIRLEY (Minimum),326.0,265.0,81.0,0.0,265.0,2020-04-13
NCCI GARDNER (Minimum),30.0,0.0,0.0,0.0,0.0,2020-04-13
OCCC (Minimum),160.0,96.0,60.0,0.0,96.0,2020-04-13
BOSTON PRE-RELEASE,175.0,92.0,53.0,0.0,92.0,2020-04-13
NECC @ CONCORD,277.0,177.0,64.0,0.0,177.0,2020-04-13
PONDVILLE CORRECTIONAL CENTER,204.0,146.0,72.0,0.0,146.0,2020-04-13
SOUTH MIDDLESEX CORRECTIONAL CENTER,185.0,54.0,29.0,0.0,54.0,2020-04-13
MCI CEDAR JUNCTION @ WALPOLE (Maximum),568.0,366.0,64.0,134.0,500.0,2020-04-06
SOUZA - BARANOWSKI CORRECTIONAL CENTER,1410.0,582.0,41.0,104.0,686.0,2020-04-06
MASSACHUSETTS TREATMENT CENTER,665.0,554.0,83.0,4.0,558.0,2020-04-06
MCI CEDAR JUNCTION @ WALPOLE (Medium),78.0,69.0,88.0,0.0,69.0,2020-04-06
MCI CONCORD,752.0,577.0,77.0,40.0,617.0,2020-04-06
MCI FRAMINGHAM,572.0,183.0,32.0,24.0,207.0,2020-04-06
MCI NORFOLK,1473.0,1240.0,84.0,55.0,1295.0,2020-04-06
MCI SHIRLEY,1129.0,975.0,86.0,84.0,1059.0,2020-04-06
NCCI GARDNER,974.0,919.0,94.0,14.0,933.0,2020-04-06
OLD COLONY CORRECTIONAL CENTER,605.0,561.0,93.0,92.0,653.0,2020-04-06
SHATTUCK CORRECTIONAL UNIT (S4),29.0,25.0,86.0,0.0,25.0,2020-04-06
STATE HOSPITAL @ BRIDGEWATER,294.0,204.0,69.0,17.0,221.0,2020-04-06
MASAC @ PLYMOUTH,251.0,69.0,27.0,0.0,69.0,2020-04-06
MCI SHIRLEY (Minimum),326.0,268.0,82.0,0.0,268.0,2020-04-06
NCCI GARDNER (Minimum),30.0,0.0,0.0,0.0,0.0,2020-04-06
OCCC (Minimum),160.0,98.0,61.0,0.0,98.0,2020-04-06
BOSTON PRE-RELEASE,175.0,94.0,54.0,0.0,94.0,2020-04-06
NECC @ CONCORD,277.0,179.0,65.0,0.0,179.0,2020-04-06
PONDVILLE CORRECTIONAL CENTER,204.0,148.0,73.0,0.0,148.0,2020-04-06
SOUTH MIDDLESEX CORRECTIONAL CENTER,185.0,56.0,30.0,0.0,56.0,2020-04-06
MCI CEDAR JUNCTION @ WALPOLE (Maximum),568.0,364.0,64.0,140.0,504.0,2020-03-30
SOUZA - BARANOWSKI CORRECTIONAL CENTER,1410.0,578.0,41.0,108.0,686.0,2020-03-30
MASSACHUSETTS TREATMENT CENTER,665.0,563.0,85.0,3.0,566.0,2020-03-30
MCI CEDAR JUNCTION @ WALPOLE (Medium),78.0,67.0,86.0,0.0,67.0,2020-03-30
MCI CONCORD,752.0,584.0,78.0,35.0,619.0,2020-03-30
MCI FRAMINGHAM,572.0,197.0,34.0,21.0,218.0,2020-03-30
MCI NORFOLK,1473.0,1253.0,85.0,46.0,1299.0,2020-03-30
MCI SHIRLEY,1129.0,1000.0,89.0,69.0,1069.0,2020-03-30
NCCI GARDNER,974.0,922.0,95.0,12.0,934.0,2020-03-30
OLD COLONY CORRECTIONAL CENTER,605.0,561.0,93.0,95.0,656.0,2020-03-30
SHATTUCK CORRECTIONAL UNIT (S4),29.0,25.0,86.0,0.0,25.0,2020-03-30
STATE HOSPITAL @ BRIDGEWATER,294.0,213.0,72.0,16.0,229.0,2020-03-30
MASAC @ PLYMOUTH,251.0,103.0,41.0,0.0,103.0,2020-03-30
MCI SHIRLEY (Minimum),326.0,271.0,83.0,0.0,271.0,2020-03-30
NCCI GARDNER (Minimum),30.0,0.0,0.0,0.0,0.0,2020-03-30
OCCC (Minimum),160.0,99.0,62.0,0.0,99.0,2020-03-30
BOSTON PRE-RELEASE,175.0,96.0,55.0,0.0,96.0,2020-03-30
NECC @ CONCORD,277.0,185.0,67.0,0.0,185.0,2020-03-30
PONDVILLE CORRECTIONAL CENTER,204.0,157.0,77.0,0.0,157.0,2020-03-30
SOUTH MIDDLESEX CORRECTIONAL CENTER,185.0,58.0,31.0,0.0,58.0,2020-03-30
MCI CEDAR JUNCTION @ WALPOLE (Maximum),568.0,366.0,64.0,142.0,508.0,2020-03-23
SOUZA - BARANOWSKI CORRECTIONAL CENTER,1410.0,573.0,41.0,113.0,686.0,2020-03-23
MASSACHUSETTS TREATMENT CENTER,665.0,560.0,84.0,8.0,568.0,2020-03-23
MCI CEDAR JUNCTION @ WALPOLE (Medium),78.0,67.0,86.0,0.0,67.0,2020-03-23
MCI CONCORD,752.0,585.0,78.0,36.0,621.0,2020-03-23
MCI FRAMINGHAM,572.0,209.0,37.0,15.0,224.0,2020-03-23
MCI NORFOLK,1473.0,1256.0,85.0,45.0,1301.0,2020-03-23
MCI SHIRLEY,1129.0,1001.0,89.0,74.0,1075.0,2020-03-23
NCCI GARDNER,974.0,928.0,95.0,11.0,939.0,2020-03-23
OLD COLONY CORRECTIONAL CENTER,605.0,558.0,92.0,91.0,649.0,2020-03-23
SHATTUCK CORRECTIONAL UNIT (S4),29.0,23.0,79.0,0.0,23.0,2020-03-23
STATE HOSPITAL @ BRIDGEWATER,294.0,218.0,74.0,17.0,235.0,2020-03-23
MASAC @ PLYMOUTH,251.0,143.0,57.0,0.0,143.0,2020-03-23
MCI SHIRLEY (Minimum),326.0,273.0,84.0,0.0,273.0,2020-03-23
NCCI GARDNER (Minimum),30.0,0.0,0.0,0.0,0.0,2020-03-23
OCCC (Minimum),160.0,102.0,64.0,0.0,102.0,2020-03-23
BOSTON PRE-RELEASE,175.0,97.0,55.0,0.0,97.0,2020-03-23
NECC @ CONCORD,277.0,187.0,68.0,0.0,187.0,2020-03-23
PONDVILLE CORRECTIONAL CENTER,204.0,160.0,78.0,0.0,160.0,2020-03-23
SOUTH MIDDLESEX CORRECTIONAL CENTER,185.0,58.0,31.0,0.0,58.0,2020-03-23
MCI CEDAR JUNCTION @ WALPOLE (Maximum),568.0,386.0,68.0,141.0,527.0,2020-03-16
SOUZA - BARANOWSKI CORRECTIONAL CENTER,1410.0,577.0,41.0,107.0,684.0,2020-03-16
MASSACHUSETTS TREATMENT CENTER,665.0,567.0,85.0,4.0,571.0,2020-03-16
MCI CEDAR JUNCTION @ WALPOLE (Medium),78.0,67.0,86.0,0.0,67.0,2020-03-16
MCI CONCORD,752.0,572.0,76.0,38.0,610.0,2020-03-16
MCI FRAMINGHAM,572.0,208.0,36.0,21.0,229.0,2020-03-16
MCI NORFOLK,1473.0,1257.0,85.0,46.0,1303.0,2020-03-16
MCI SHIRLEY,1129.0,1001.0,89.0,79.0,1080.0,2020-03-16
NCCI GARDNER,974.0,925.0,95.0,17.0,942.0,2020-03-16
OLD COLONY CORRECTIONAL CENTER,605.0,558.0,92.0,94.0,652.0,2020-03-16
SHATTUCK CORRECTIONAL UNIT (S4),29.0,24.0,83.0,0.0,24.0,2020-03-16
STATE HOSPITAL @ BRIDGEWATER,294.0,222.0,76.0,17.0,239.0,2020-03-16
MASAC @ PLYMOUTH,251.0,163.0,65.0,0.0,163.0,2020-03-16
MCI SHIRLEY (Minimum),326.0,276.0,85.0,0.0,276.0,2020-03-16
NCCI GARDNER (Minimum),30.0,0.0,0.0,0.0,0.0,2020-03-16
OCCC (Minimum),160.0,99.0,62.0,0.0,99.0,2020-03-16
BOSTON PRE-RELEASE,175.0,100.0,57.0,0.0,100.0,2020-03-16
NECC @ CONCORD,277.0,189.0,68.0,0.0,189.0,2020-03-16
PONDVILLE CORRECTIONAL CENTER,204.0,157.0,77.0,0.0,157.0,2020-03-16
SOUTH MIDDLESEX CORRECTIONAL CENTER,185.0,57.0,31.0,0.0,57.0,2020-03-16
MCI CEDAR JUNCTION @ WALPOLE (Maximum),568.0,415.0,73.0,142.0,557.0,2020-03-09
SOUZA - BARANOWSKI CORRECTIONAL CENTER,1410.0,567.0,40.0,109.0,676.0,2020-03-09
MASSACHUSETTS TREATMENT CENTER,665.0,570.0,86.0,2.0,572.0,2020-03-09
MCI CEDAR JUNCTION @ WALPOLE (Medium),78.0,67.0,86.0,0.0,67.0,2020-03-09
MCI CONCORD,752.0,570.0,76.0,39.0,609.0,2020-03-09
MCI FRAMINGHAM,572.0,213.0,37.0,17.0,230.0,2020-03-09
MCI NORFOLK,1473.0,1258.0,85.0,48.0,1306.0,2020-03-09
MCI SHIRLEY,1129.0,1001.0,89.0,73.0,1074.0,2020-03-09
NCCI GARDNER,974.0,923.0,95.0,13.0,936.0,2020-03-09
OLD COLONY CORRECTIONAL CENTER,605.0,549.0,91.0,96.0,645.0,2020-03-09
SHATTUCK CORRECTIONAL UNIT (S4),29.0,21.0,72.0,0.0,21.0,2020-03-09
STATE HOSPITAL @ BRIDGEWATER,294.0,217.0,74.0,20.0,237.0,2020-03-09
MASAC @ PLYMOUTH,251.0,161.0,64.0,0.0,161.0,2020-03-09
MCI SHIRLEY (Minimum),326.0,274.0,84.0,0.0,274.0,2020-03-09
NCCI GARDNER (Minimum),30.0,0.0,0.0,0.0,,2020-03-09
OCCC (Minimum),160.0,98.0,61.0,0.0,98.0,2020-03-09
BOSTON PRE-RELEASE,175.0,99.0,57.0,0.0,99.0,2020-03-09
NECC @ CONCORD,277.0,188.0,68.0,0.0,188.0,2020-03-09
PONDVILLE CORRECTIONAL CENTER,204.0,158.0,77.0,0.0,158.0,2020-03-09
SOUTH MIDDLESEX CORRECTIONAL CENTER,185.0,57.0,31.0,0.0,57.0,2020-03-09
MCI CEDAR JUNCTION @ WALPOLE (Maximum),568.0,409.0,72.0,144.0,553.0,2020-03-02
SOUZA - BARANOWSKI CORRECTIONAL CENTER,1410.0,567.0,40.0,110.0,677.0,2020-03-02
MASSACHUSETTS TREATMENT CENTER,665.0,568.0,85.0,1.0,569.0,2020-03-02
MCI CEDAR JUNCTION @ WALPOLE (Medium),78.0,69.0,88.0,0.0,69.0,2020-03-02
MCI CONCORD,752.0,571.0,76.0,38.0,609.0,2020-03-02
MCI FRAMINGHAM,572.0,208.0,36.0,21.0,229.0,2020-03-02
MCI NORFOLK,1473.0,1256.0,85.0,48.0,1304.0,2020-03-02
MCI SHIRLEY,1129.0,995.0,88.0,78.0,1073.0,2020-03-02
NCCI GARDNER,974.0,916.0,94.0,15.0,931.0,2020-03-02
OLD COLONY CORRECTIONAL CENTER,597.0,552.0,92.0,97.0,649.0,2020-03-02
SHATTUCK CORRECTIONAL UNIT (S4),29.0,20.0,69.0,0.0,20.0,2020-03-02
STATE HOSPITAL @ BRIDGEWATER,294.0,217.0,74.0,21.0,238.0,2020-03-02
MASAC @ PLYMOUTH,251.0,158.0,63.0,0.0,158.0,2020-03-02
MCI SHIRLEY (Minimum),326.0,267.0,82.0,0.0,267.0,2020-03-02
NCCI GARDNER (Minimum),30.0,0.0,0.0,0.0,0.0,2020-03-02
OCCC (Minimum),160.0,99.0,62.0,0.0,99.0,2020-03-02
BOSTON PRE-RELEASE,175.0,97.0,55.0,0.0,97.0,2020-03-02
NECC @ CONCORD,277.0,188.0,68.0,0.0,188.0,2020-03-02
PONDVILLE CORRECTIONAL CENTER,204.0,154.0,75.0,0.0,154.0,2020-03-02
SOUTH MIDDLESEX CORRECTIONAL CENTER,185.0,57.0,31.0,0.0,57.0,2020-03-02
MCI CEDAR JUNCTION @ WALPOLE (Maximum),568.0,429.0,76.0,141.0,570.0,2020-02-24
SOUZA - BARANOWSKI CORRECTIONAL CENTER,1410.0,552.0,39.0,126.0,678.0,2020-02-24
MASSACHUSETTS TREATMENT CENTER,665.0,570.0,86.0,4.0,574.0,2020-02-24
MCI CEDAR JUNCTION @ WALPOLE (Medium),78.0,69.0,88.0,0.0,69.0,2020-02-24
MCI CONCORD,752.0,574.0,76.0,31.0,605.0,2020-02-24
MCI FRAMINGHAM,572.0,209.0,37.0,19.0,228.0,2020-02-24
MCI NORFOLK,1473.0,1252.0,85.0,49.0,1301.0,2020-02-24
MCI SHIRLEY,1129.0,986.0,87.0,88.0,1074.0,2020-02-24
NCCI GARDNER,974.0,913.0,94.0,18.0,931.0,2020-02-24
OLD COLONY CORRECTIONAL CENTER,597.0,554.0,93.0,90.0,644.0,2020-02-24
SHATTUCK CORRECTIONAL UNIT (S4),29.0,24.0,83.0,0.0,24.0,2020-02-24
STATE HOSPITAL @ BRIDGEWATER,294.0,201.0,68.0,20.0,221.0,2020-02-24
MASAC @ PLYMOUTH,275.0,169.0,61.0,0.0,169.0,2020-02-24
MCI SHIRLEY (Minimum),326.0,271.0,83.0,0.0,271.0,2020-02-24
NCCI GARDNER (Minimum),30.0,0.0,0.0,0.0,0.0,2020-02-24
OCCC (Minimum),160.0,99.0,62.0,0.0,99.0,2020-02-24
BOSTON PRE-RELEASE,175.0,101.0,58.0,0.0,101.0,2020-02-24
NECC @ CONCORD,277.0,184.0,66.0,0.0,184.0,2020-02-24
PONDVILLE CORRECTIONAL CENTER,204.0,151.0,74.0,0.0,151.0,2020-02-24
SOUTH MIDDLESEX CORRECTIONAL CENTER,185.0,56.0,30.0,0.0,56.0,2020-02-24
MCI CEDAR JUNCTION @ WALPOLE (Maximum),568.0,419.0,74.0,148.0,567.0,2020-02-17
SOUZA - BARANOWSKI CORRECTIONAL CENTER,1410.0,560.0,40.0,118.0,678.0,2020-02-17
MASSACHUSETTS TREATMENT CENTER,665.0,564.0,85.0,7.0,571.0,2020-02-17
MCI CEDAR JUNCTION @ WALPOLE (Medium),78.0,67.0,86.0,0.0,67.0,2020-02-17
MCI CONCORD,752.0,566.0,75.0,41.0,607.0,2020-02-17
MCI FRAMINGHAM,572.0,218.0,38.0,15.0,233.0,2020-02-17
MCI NORFOLK,1473.0,1252.0,85.0,44.0,1296.0,2020-02-17
MCI SHIRLEY,1129.0,987.0,87.0,82.0,1069.0,2020-02-17
NCCI GARDNER,974.0,915.0,94.0,13.0,928.0,2020-02-17
OLD COLONY CORRECTIONAL CENTER,597.0,546.0,91.0,106.0,652.0,2020-02-17
SHATTUCK CORRECTIONAL UNIT (S4),29.0,23.0,79.0,0.0,23.0,2020-02-17
STATE HOSPITAL @ BRIDGEWATER,294.0,201.0,68.0,18.0,219.0,2020-02-17
MASAC @ PLYMOUTH,275.0,188.0,68.0,0.0,188.0,2020-02-17
MCI SHIRLEY (Minimum),326.0,272.0,83.0,0.0,272.0,2020-02-17
NCCI GARDNER (Minimum),30.0,0.0,0.0,0.0,0.0,2020-02-17
OCCC (Minimum),160.0,99.0,62.0,0.0,99.0,2020-02-17
BOSTON PRE-RELEASE,175.0,94.0,54.0,0.0,94.0,2020-02-17
NECC @ CONCORD,277.0,183.0,66.0,0.0,183.0,2020-02-17
PONDVILLE CORRECTIONAL CENTER,204.0,146.0,72.0,0.0,146.0,2020-02-17
SOUTH MIDDLESEX CORRECTIONAL CENTER,185.0,57.0,31.0,0.0,57.0,2020-02-17
MCI CEDAR JUNCTION @ WALPOLE (Maximum),568.0,389.0,68.0,153.0,542.0,2020-02-03
SOUZA - BARANOWSKI CORRECTIONAL CENTER,1410.0,519.0,37.0,131.0,650.0,2020-02-03
MASSACHUSETTS TREATMENT CENTER,665.0,570.0,86.0,3.0,573.0,2020-02-03
MCI CEDAR JUNCTION @ WALPOLE (Medium),78.0,67.0,86.0,0.0,67.0,2020-02-03
MCI CONCORD,752.0,575.0,76.0,51.0,626.0,2020-02-03
MCI FRAMINGHAM,572.0,215.0,38.0,17.0,232.0,2020-02-03
MCI NORFOLK,1473.0,1261.0,86.0,43.0,1304.0,2020-02-03
MCI SHIRLEY,1129.0,1004.0,89.0,87.0,1091.0,2020-02-03
NCCI GARDNER,974.0,912.0,94.0,16.0,928.0,2020-02-03
OLD COLONY CORRECTIONAL CENTER,597.0,555.0,93.0,107.0,662.0,2020-02-03
SHATTUCK CORRECTIONAL UNIT (S4),29.0,28.0,97.0,0.0,28.0,2020-02-03
STATE HOSPITAL @ BRIDGEWATER,294.0,201.0,68.0,17.0,218.0,2020-02-03
MASAC @ PLYMOUTH,275.0,151.0,55.0,0.0,151.0,2020-02-03
MCI SHIRLEY (Minimum),326.0,271.0,83.0,0.0,271.0,2020-02-03
NCCI GARDNER (Minimum),30.0,0.0,0.0,0.0,0.0,2020-02-03
OCCC (Minimum),160.0,100.0,63.0,0.0,100.0,2020-02-03
BOSTON PRE-RELEASE,175.0,88.0,50.0,0.0,88.0,2020-02-03
NECC @ CONCORD,277.0,186.0,67.0,0.0,186.0,2020-02-03
PONDVILLE CORRECTIONAL CENTER,204.0,153.0,75.0,0.0,153.0,2020-02-03
SOUTH MIDDLESEX CORRECTIONAL CENTER,185.0,61.0,33.0,0.0,61.0,2020-02-03
MCI CEDAR JUNCTION @ WALPOLE (Maximum),568.0,388.0,68.0,147.0,535.0,2020-01-27
SOUZA - BARANOWSKI CORRECTIONAL CENTER,1410.0,528.0,37.0,145.0,673.0,2020-01-27
MASSACHUSETTS TREATMENT CENTER,665.0,571.0,86.0,3.0,574.0,2020-01-27
MCI CEDAR JUNCTION @ WALPOLE (Medium),78.0,66.0,85.0,0.0,66.0,2020-01-27
MCI CONCORD,752.0,583.0,78.0,48.0,631.0,2020-01-27
MCI FRAMINGHAM,572.0,175.0,31.0,63.0,238.0,2020-01-27
MCI NORFOLK,1473.0,1265.0,86.0,45.0,1310.0,2020-01-27
MCI SHIRLEY,1129.0,1008.0,89.0,86.0,1094.0,2020-01-27
NCCI GARDNER,974.0,915.0,94.0,13.0,928.0,2020-01-27
OLD COLONY CORRECTIONAL CENTER,597.0,554.0,93.0,102.0,656.0,2020-01-27
SHATTUCK CORRECTIONAL UNIT (S4),29.0,29.0,100.0,0.0,29.0,2020-01-27
STATE HOSPITAL @ BRIDGEWATER,294.0,206.0,70.0,21.0,227.0,2020-01-27
MASAC @ PLYMOUTH,275.0,135.0,49.0,0.0,135.0,2020-01-27
MCI SHIRLEY (Minimum),326.0,264.0,81.0,0.0,264.0,2020-01-27
NCCI GARDNER (Minimum),30.0,0.0,0.0,0.0,0.0,2020-01-27
OCCC (Minimum),160.0,103.0,64.0,0.0,103.0,2020-01-27
BOSTON PRE-RELEASE,175.0,91.0,52.0,0.0,91.0,2020-01-27
NECC @ CONCORD,277.0,188.0,68.0,0.0,188.0,2020-01-27
PONDVILLE CORRECTIONAL CENTER,204.0,153.0,75.0,0.0,153.0,2020-01-27
SOUTH MIDDLESEX CORRECTIONAL CENTER,185.0,63.0,34.0,0.0,63.0,2020-01-27
MCI CEDAR JUNCTION @ WALPOLE (Maximum),568.0,380.0,67.0,148.0,528.0,2020-01-20
SOUZA - BARANOWSKI CORRECTIONAL CENTER,1410.0,616.0,44.0,122.0,738.0,2020-01-20
MASSACHUSETTS TREATMENT CENTER,665.0,576.0,87.0,1.0,577.0,2020-01-20
MCI CEDAR JUNCTION @ WALPOLE (Medium),78.0,67.0,86.0,0.0,67.0,2020-01-20
MCI CONCORD,752.0,584.0,78.0,43.0,627.0,2020-01-20
MCI FRAMINGHAM,572.0,177.0,31.0,62.0,239.0,2020-01-20
MCI NORFOLK,1473.0,1252.0,85.0,50.0,1302.0,2020-01-20
MCI SHIRLEY,1129.0,979.0,87.0,82.0,1061.0,2020-01-20
NCCI GARDNER,974.0,896.0,92.0,10.0,906.0,2020-01-20
OLD COLONY CORRECTIONAL CENTER,597.0,553.0,93.0,103.0,656.0,2020-01-20
SHATTUCK CORRECTIONAL UNIT (S4),29.0,25.0,86.0,0.0,25.0,2020-01-20
STATE HOSPITAL @ BRIDGEWATER,294.0,214.0,73.0,21.0,235.0,2020-01-20
MASAC @ PLYMOUTH,275.0,135.0,49.0,0.0,135.0,2020-01-20
MCI SHIRLEY (Minimum),326.0,268.0,82.0,0.0,268.0,2020-01-20
NCCI GARDNER (Minimum),30.0,0.0,0.0,0.0,0.0,2020-01-20
OCCC (Minimum),160.0,102.0,64.0,0.0,102.0,2020-01-20
BOSTON PRE-RELEASE,175.0,90.0,51.0,0.0,90.0,2020-01-20
NECC @ CONCORD,277.0,192.0,69.0,0.0,192.0,2020-01-20
PONDVILLE CORRECTIONAL CENTER,204.0,154.0,75.0,0.0,154.0,2020-01-20
SOUTH MIDDLESEX CORRECTIONAL CENTER,185.0,60.0,32.0,0.0,60.0,2020-01-20
MCI CEDAR JUNCTION @ WALPOLE (Maximum),568.0,371.0,65.0,151.0,522.0,2020-01-13
SOUZA - BARANOWSKI CORRECTIONAL CENTER,1410.0,647.0,46.0,123.0,770.0,2020-01-13
MASSACHUSETTS TREATMENT CENTER,665.0,573.0,86.0,2.0,575.0,2020-01-13
MCI CEDAR JUNCTION @ WALPOLE (Medium),78.0,65.0,83.0,0.0,65.0,2020-01-13
MCI CONCORD,752.0,582.0,77.0,44.0,626.0,2020-01-13
MCI FRAMINGHAM,572.0,176.0,31.0,63.0,239.0,2020-01-13
MCI NORFOLK,1473.0,1245.0,85.0,48.0,1293.0,2020-01-13
MCI SHIRLEY,1129.0,978.0,87.0,79.0,1057.0,2020-01-13
NCCI GARDNER,974.0,889.0,91.0,8.0,897.0,2020-01-13
OLD COLONY CORRECTIONAL CENTER,597.0,550.0,92.0,101.0,651.0,2020-01-13
SHATTUCK CORRECTIONAL UNIT (S4),29.0,24.0,83.0,0.0,24.0,2020-01-13
STATE HOSPITAL @ BRIDGEWATER,294.0,217.0,74.0,18.0,235.0,2020-01-13
MASAC @ PLYMOUTH,275.0,129.0,47.0,0.0,129.0,2020-01-13
MCI SHIRLEY (Minimum),326.0,267.0,82.0,0.0,267.0,2020-01-13
NCCI GARDNER (Minimum),30.0,0.0,0.0,0.0,0.0,2020-01-13
OCCC (Minimum),160.0,109.0,68.0,0.0,109.0,2020-01-13
BOSTON PRE-RELEASE,175.0,91.0,52.0,0.0,91.0,2020-01-13
NECC @ CONCORD,277.0,189.0,68.0,0.0,189.0,2020-01-13
PONDVILLE CORRECTIONAL CENTER,204.0,155.0,76.0,0.0,155.0,2020-01-13
SOUTH MIDDLESEX CORRECTIONAL CENTER,185.0,62.0,34.0,0.0,62.0,2020-01-13
MCI CEDAR JUNCTION @ WALPOLE (Maximum),568.0,346.0,61.0,148.0,494.0,2020-01-06
SOUZA - BARANOWSKI CORRECTIONAL CENTER,1410.0,672.0,48.0,123.0,795.0,2020-01-06
MASSACHUSETTS TREATMENT CENTER,665.0,572.0,86.0,3.0,575.0,2020-01-06
MCI CEDAR JUNCTION @ WALPOLE (Medium),78.0,65.0,83.0,0.0,65.0,2020-01-06
MCI CONCORD,752.0,581.0,77.0,42.0,623.0,2020-01-06
MCI FRAMINGHAM,572.0,171.0,30.0,58.0,229.0,2020-01-06
MCI NORFOLK,1473.0,1251.0,85.0,42.0,1293.0,2020-01-06
MCI SHIRLEY,1129.0,992.0,88.0,69.0,1061.0,2020-01-06
NCCI GARDNER,974.0,884.0,91.0,12.0,896.0,2020-01-06
OLD COLONY CORRECTIONAL CENTER,597.0,553.0,93.0,101.0,654.0,2020-01-06
SHATTUCK CORRECTIONAL UNIT (S4),29.0,23.0,79.0,0.0,23.0,2020-01-06
STATE HOSPITAL @ BRIDGEWATER,294.0,217.0,74.0,17.0,234.0,2020-01-06
MASAC @ PLYMOUTH,275.0,129.0,47.0,0.0,129.0,2020-01-06
MCI SHIRLEY (Minimum),326.0,269.0,83.0,0.0,269.0,2020-01-06
NCCI GARDNER (Minimum),30.0,0.0,0.0,0.0,0.0,2020-01-06
OCCC (Minimum),160.0,106.0,66.0,0.0,106.0,2020-01-06
BOSTON PRE-RELEASE,175.0,90.0,51.0,0.0,90.0,2020-01-06
NECC @ CONCORD,277.0,188.0,68.0,0.0,188.0,2020-01-06
PONDVILLE CORRECTIONAL CENTER,204.0,151.0,74.0,0.0,151.0,2020-01-06
SOUTH MIDDLESEX CORRECTIONAL CENTER,185.0,63.0,34.0,0.0,63.0,2020-01-06
